"","Participant.ID","Completed","Pre.Post","Score","Difference","Provider","Service","Earlier.post.assessments.not.included.in.the.calculation.of.difference.scores"
"1","123651","02/15/2023 15:20:00 (MST)","Pre",83.33,NA,"LSI","CSS",0
"2","121292","09/22/2022 05:26:00 (MST)","Pre",59.26,NA,"LSI","EMP",0
"3","126510","06/13/2023 11:47:09 (MST)","Pre",86.67,NA,"RTI","ISA",0
"4","122070","10/18/2022 10:37:31 (MST)","Pre",40,NA,"LSI","JOBEX",0
"5","127633","08/22/2023 10:44:51 (MST)","Pre",33.33,NA,"USU","JS",0
"6","127748","01/22/2024 16:27:06 (MST)","Post",87.5,0,"CCC","CSS",0
"7","133136","05/22/2024 11:22:28 (MST)","Post",66.67,10,"LSI","ISA",0
"8","131957","05/13/2024 10:32:37 (MST)","Post",90.48,30.96,"LSI","ILOM",0
"9","126685","10/24/2023 14:15:30 (MST)","Pre",51.52,NA,"LSI","FL",0
"10","116244","03/02/2022 00:03:00 (MST)","Pre",87.5,NA,"LSI","WBLE",0
"11","118561","09/12/2022 00:13:00 (MST)","Post",62.5,8.33,"CCC","CSS",0
"12","115911","12/22/2021 02:47:08 (MST)","Pre",35.56,NA,"LSI","JOBEX",0
"13","125273","05/11/2023 15:35:30 (MST)","Pre",29.63,NA,"CCC","JS",0
"14","128014","08/28/2023 11:28:09 (MST)","Pre",66.67,NA,"SPA","ILOM",0
"15","114096","11/01/2023 12:39:06 (MST)","Post",90.48,4.77,"NSSD","CPSO",0
"16","125270","11/09/2023 15:59:34 (MST)","Post",86.67,0,"CCC","JOBEX",0
"17","124146","12/06/2023 15:43:33 (MST)","Pre",44.44,NA,"LSI","JOBEX",0
"18","120927","10/11/2022 03:48:22 (MST)","Pre",86.67,NA,"LSI","JOBEX",0
"19","109190","05/20/2022 04:08:09 (MST)","Post",55.56,0,"LSI","JOBEX",0
"20","128300","04/17/2024 13:52:00 (MST)","Post",53.33,2.22,"SUU","JOBEX",0
"21","126777","10/25/2023 11:30:59 (MST)","Pre",70.37,NA,"Turn","JS",0
"22","124761","09/08/2023 13:25:24 (MST)","Post",86.67,28.89,"LSI","JOBEX",0
"23","121585","03/28/2023 16:56:16 (MST)","Pre",53.33,NA,"Turn","ISA",0
"24","121170","09/13/2022 01:43:45 (MST)","Pre",44.44,NA,"SUU","JOBEX",0
"25","128930","09/27/2023 09:53:31 (MST)","Pre",44.44,NA,"LSI","JS",0
"26","109049","07/19/2022 02:36:00 (MST)","Pre",50,NA,"USU","WBLE",0
"27","117806","05/26/2022 05:39:49 (MST)","Post",76.67,20,"LSI","ISA",0
"28","121921","05/10/2024 16:22:49 (MST)","Post",70,0,"LSI","ISA",0
"29","115750","02/21/2022 05:24:47 (MST)","Post",63.64,9.09,"LSI","FL",0
"30","124628","06/20/2023 13:25:44 (MST)","Post",37.04,-7.4,"LSI","JS",1
"31","126564","04/17/2024 12:26:00 (MST)","Post",80,11.11,"Turn","JOBEX",0
"32","115969","05/02/2022 01:31:00 (MST)","Post",70.83,-4.17,"LSI","CSS",0
"33","131781","05/30/2024 12:00:33 (MST)","Post",95.83,20.83,"LSI","WBLE",0
"34","118067","02/14/2022 04:41:17 (MST)","Pre",73.33,NA,"LSI","ISA",0
"35","122283","06/15/2023 11:45:21 (MST)","Post",83.33,29.16,"LSI","WBLE",1
"36","128365","05/16/2024 12:36:34 (MST)","Post",81.48,44.44,"SPA","JS",0
"37","124486","05/29/2024 14:58:08 (MST)","Pre",87.88,NA,"SPA","FL",0
"38","128014","08/28/2023 11:24:45 (MST)","Pre",66.67,NA,"SPA","CSS",0
"39","106781","03/09/2022 07:39:02 (MST)","Post",56.67,20,"SUU","ISA",0
"40","114339","11/15/2021 06:52:42 (MST)","Pre",66.67,NA,"LSI","JS",0
"41","129177","10/16/2023 15:33:42 (MST)","Pre",29.63,NA,"LSI","JS",0
"42","118288","03/08/2022 03:22:44 (MST)","Pre",80,NA,"LSI","ISA",0
"43","121867","01/08/2023 10:44:57 (MST)","Pre",80.95,NA,"LSI","ILOM",0
"44","120634","07/28/2022 04:46:06 (MST)","Pre",53.33,NA,"CCC","JOBEX",0
"45","121347","10/12/2022 21:55:00 (MST)","Post",70.83,-16.67,"LSI","CSS",0
"46","121945","11/10/2022 08:34:14 (MST)","Pre",48.15,NA,"LSI","JS",0
"47","112978","04/25/2022 21:08:00 (MST)","Post",87.5,12.5,"LSI","CSS",0
"48","109022","07/19/2022 08:43:32 (MST)","Pre",45.24,NA,"Turn","CPSO",0
"49","129640","10/24/2023 10:49:18 (MST)","Pre",56.67,NA,"LSI","ISA",0
"50","121262","09/07/2022 04:32:18 (MST)","Pre",97.62,NA,"LSI","CPSO",0
"51","116654","03/15/2022 09:17:00 (MST)","Pre",62.96,NA,"LSI","EMP",0
"52","111742","09/18/2023 13:15:37 (MST)","Post",60,-8.89,"NSSD","JOBEX",0
"53","112978","04/26/2022 03:13:26 (MST)","Post",100,14.29,"LSI","QWEX",0
"54","105450","04/28/2023 08:46:31 (MST)","Post",88.1,14.29,"Turn","CPSO",0
"55","119268","04/12/2024 10:01:59 (MST)","Pre",71.43,NA,"LSI","CPSO",0
"56","129189","10/25/2023 18:48:04 (MST)","Pre",86.67,NA,"LSI","ISA",0
"57","131957","04/03/2024 14:53:55 (MST)","Pre",33.33,NA,"LSI","FL",0
"58","132956","04/29/2024 13:46:20 (MST)","Post",73.33,8.89,"Turn","JOBEX",0
"59","124762","07/12/2023 14:14:10 (MST)","Pre",77.78,NA,"LSI","EMP",0
"60","121673","04/26/2024 12:47:01 (MST)","Post",70,16.67,"LSI","ISA",0
"61","120401","07/08/2022 07:52:45 (MST)","Pre",40,NA,"LSI","ISA",0
"62","121803","10/11/2022 06:14:38 (MST)","Pre",55.56,NA,"LSI","JS",0
"63","129435","10/16/2023 15:24:30 (MST)","Pre",53.33,NA,"LSI","ISA",0
"64","128414","10/25/2023 10:35:57 (MST)","Post",70,-16.67,"LSI","ISA",0
"65","118495","06/08/2022 05:26:13 (MST)","Post",100,74.07,"LSI","JS",0
"66","118067","07/19/2022 10:29:07 (MST)","Post",93.33,42.22,"LSI","JOBEX",0
"67","129440","11/28/2023 12:56:43 (MST)","Pre",0,NA,"NSSD","JOBEX",0
"68","119843","08/22/2022 05:23:33 (MST)","Pre",54.55,NA,"SPA","FL",0
"69","119942","07/15/2022 02:32:00 (MST)","Pre",70.83,NA,"PARC","WBLE",0
"70","121872","05/17/2023 13:24:49 (MST)","Post",59.26,-7.41,"LSI","EMP",0
"71","122461","03/23/2023 11:17:12 (MST)","Post",69.05,28.57,"Turn","CPSO",0
"72","118620","06/24/2022 00:49:00 (MST)","Post",74.07,0,"LSI","EMP",0
"73","133775","05/10/2024 14:30:02 (MST)","Pre",50,NA,"LSI","CPSO",0
"74","122924","06/15/2023 11:27:54 (MST)","Pre",55.56,NA,"Turn","JS",0
"75","122350","12/08/2022 05:09:00 (MST)","Post",83.33,36.66,"LSI","ISA",0
"76","126717","10/13/2023 13:18:02 (MST)","Post",90.48,21.43,"Turn","CPSO",0
"77","121270","09/07/2022 04:22:04 (MST)","Pre",73.81,NA,"LSI","CPSO",0
"78","118492","04/28/2022 00:12:00 (MST)","Post",66.67,0,"LSI","EMP",0
"79","110862","02/08/2023 12:10:20 (MST)","Pre",66.67,NA,"SPA","ILOM",0
"80","128908","02/09/2024 18:46:41 (MST)","Pre",48.48,NA,"LSI","FL",0
"81","129848","05/22/2024 08:50:41 (MST)","Post",93.33,0,"LSI","ISA",0
"82","132956","05/15/2024 15:15:32 (MST)","Pre",54.55,NA,"Turn","FL",0
"83","121699","10/12/2022 03:13:55 (MST)","Post",68.89,68.89,"LSI","JOBEX",1
"84","116467","05/22/2022 20:36:00 (MST)","Post",70.37,11.11,"NSSD","EMP",0
"85","133633","04/25/2024 12:45:03 (MST)","Pre",50,NA,"LSI","ISA",0
"86","98902","03/18/2022 08:28:31 (MST)","Pre",63.33,NA,"Turn","ISA",0
"87","117783","07/12/2022 09:20:07 (MST)","Post",93.94,63.64,"LSI","FL",0
"88","111885","08/08/2022 04:00:00 (MST)","Pre",48.15,NA,"USU","EMP",0
"89","125284","04/18/2023 11:37:49 (MST)","Pre",59.26,NA,"LSI","EMP",0
"90","98902","10/03/2022 07:33:05 (MST)","Post",66.67,46.67,"Turn","JOBEX",0
"91","115759","05/06/2022 07:06:56 (MST)","Pre",30.3,NA,"Turn","FL",0
"92","128979","11/03/2023 12:58:44 (MST)","Pre",24.44,NA,"SPA","JOBEX",0
"93","132692","03/12/2024 12:17:07 (MST)","Pre",70,NA,"LSI","ISA",0
"94","120001","08/09/2022 00:37:52 (MST)","Post",77.78,62.97,"LSI","JS",0
"95","112427","05/16/2022 04:44:56 (MST)","Post",59.26,18.52,"LSI","JS",0
"96","119793","08/10/2022 17:35:00 (MST)","Pre",70.37,NA,"LSI","EMP",0
"97","115931","02/14/2022 03:43:00 (MST)","Post",63.33,0,"LSI","ISA",0
"98","128125","05/20/2024 11:30:48 (MST)","Post",25.93,3.71,"SPA","JS",0
"99","119200","05/02/2022 04:41:34 (MST)","Pre",57.58,NA,"LSI","FL",0
"100","119519","06/12/2023 09:52:57 (MST)","Pre",80.95,NA,"Turn","CPSO",0
"101","115908","04/12/2022 12:26:17 (MST)","Post",75,14.29,"LSI","QWEX",0
"102","110300","03/21/2022 05:19:20 (MST)","Post",88.89,26.67,"SPA","JOBEX",0
"103","99362","03/25/2022 03:37:56 (MST)","Pre",100,NA,"SUU","JS",0
"104","130758","02/13/2024 11:33:19 (MST)","Post",37.78,-8.89,"Turn","JOBEX",1
"105","121954","01/27/2023 11:49:21 (MST)","Post",90.91,15.15,"LSI","FL",0
"106","116653","07/21/2022 05:52:35 (MST)","Pre",50,NA,"LSI","CPSO",0
"107","124629","09/18/2023 14:41:42 (MST)","Post",74.07,-11.12,"LSI","JS",0
"108","116467","05/23/2022 02:34:24 (MST)","Post",50,2.38,"NSSD","CPSO",0
"109","120238","10/20/2022 10:34:18 (MST)","Pre",30.95,NA,"LSI","CPSO",0
"110","112769","12/15/2023 10:44:48 (MST)","Pre",51.85,NA,"LSI","JS",0
"111","126356","07/21/2023 12:54:26 (MST)","Pre",71.43,NA,"RTI","ILOM",0
"112","116244","02/01/2022 04:59:51 (MST)","Pre",73.33,NA,"LSI","ISA",0
"113","129177","04/03/2024 14:57:30 (MST)","Pre",54.76,NA,"LSI","CPSO",0
"114","122350","12/08/2022 05:13:00 (MST)","Pre",82.22,NA,"LSI","JOBEX",0
"115","116650","05/17/2022 12:41:24 (MST)","Post",76.67,16.67,"LSI","ISA",0
"116","121921","11/08/2023 18:30:11 (MST)","Pre",70,NA,"LSI","ISA",0
"117","112626","03/25/2022 07:36:02 (MST)","Post",96.67,40,"SUU","ISA",1
"118","116393","09/21/2023 09:32:30 (MST)","Post",66.67,9.53,"NSSD","ILOM",1
"119","116479","05/19/2022 21:58:00 (MST)","Pre",80.95,NA,"NSSD","ILOM",0
"120","119090","05/29/2024 15:36:54 (MST)","Post",50,-43.33,"LSI","ISA",0
"121","115745","03/01/2022 08:17:18 (MST)","Pre",53.33,NA,"LSI","JOBEX",0
"122","118457","08/04/2022 06:16:05 (MST)","Pre",62.22,NA,"Turn","JOBEX",0
"123","115969","12/21/2021 21:51:00 (MST)","Pre",55.56,NA,"LSI","EMP",0
"124","9633963","05/24/2023 09:47:59 (MST)","Pre",95.56,NA,"CSD","JOBEX",0
"125","119793","10/17/2022 04:42:08 (MST)","Post",53.33,-24.45,"LSI","JOBEX",0
"126","113433","03/28/2023 14:39:24 (MST)","Post",81.82,3.03,"Turn","FL",0
"127","129126","05/30/2024 12:05:16 (MST)","Post",70.37,48.15,"LSI","JS",0
"128","125280","04/14/2023 09:56:11 (MST)","Pre",46.67,NA,"LSI","ISA",0
"129","129482","12/04/2023 14:28:17 (MST)","Post",100,0,"Turn","EMP",0
"130","122451","02/28/2023 18:00:41 (MST)","Pre",18.52,NA,"LSI","EMP",0
"131","121288","10/13/2022 04:55:50 (MST)","Pre",88.89,NA,"LSI","JS",0
"132","121709","11/09/2022 05:16:24 (MST)","Pre",60.61,NA,"Turn","FL",0
"133","91276","11/03/2022 07:20:35 (MST)","Post",51.52,12.13,"LSI","FL",0
"134","119200","04/22/2022 12:42:37 (MST)","Pre",46.67,NA,"LSI","ISA",0
"135","123535","06/29/2023 15:33:47 (MST)","Post",62.96,29.63,"LSI","JS",0
"136","87429","04/12/2022 04:07:15 (MST)","Pre",55.56,NA,"PARC","JOBEX",0
"137","123693","05/14/2024 11:30:01 (MST)","Pre",100,NA,"SPA","FL",0
"138","121295","09/23/2022 01:09:00 (MST)","Pre",92.59,NA,"LSI","EMP",0
"139","98902","11/07/2022 10:47:36 (MST)","Post",86.67,23.34,"Turn","ISA",0
"140","114315","03/13/2024 13:46:26 (MST)","Pre",66.67,NA,"LSI","ISA",0
"141","105536","12/08/2022 07:10:00 (MST)","Post",57.58,0,"LSI","FL",0
"142","121501","09/14/2022 03:35:28 (MST)","Pre",25.93,NA,"SUU","JS",0
"143","118642","05/23/2022 04:19:12 (MST)","Post",63.64,3.03,"LSI","FL",0
"144","118105","01/03/2023 15:25:43 (MST)","Post",92.59,0,"LSI","JS",0
"145","132800","04/22/2024 14:57:36 (MST)","Post",97.78,13.34,"COP","JOBEX",0
"146","126064","08/18/2023 11:49:25 (MST)","Pre",77.78,NA,"Turn","JS",0
"147","106781","03/16/2022 08:08:40 (MST)","Post",72.22,14.29,"SUU","QWEX",1
"148","114339","11/15/2021 06:55:49 (MST)","Pre",87.88,NA,"LSI","FL",0
"149","126677","05/14/2024 10:26:21 (MST)","Post",79.17,25,"SPA","WBLE",0
"150","125282","11/17/2023 15:30:20 (MST)","Post",93.94,0,"LSI","FL",0
"151","117824","06/06/2022 03:06:43 (MST)","Post",66.67,39.4,"LSI","FL",0
"152","121398","10/26/2022 00:43:00 (MST)","Post",100,29.17,"LSI","WBLE",0
"153","116613","02/14/2022 03:26:09 (MST)","Pre",59.26,NA,"NSSD","JS",0
"154","133463","04/29/2024 12:49:26 (MST)","Pre",37.04,NA,"LSI","JS",0
"155","121827","12/20/2022 02:15:00 (MST)","Post",95.56,42.23,"LSI","JOBEX",0
"156","117783","06/29/2022 11:04:08 (MST)","Post",91.11,44.44,"LSI","JOBEX",0
"157","116472","05/19/2022 21:03:00 (MST)","Pre",80.95,NA,"NSSD","ILOM",0
"158","126071","09/06/2023 13:37:55 (MST)","Pre",29.63,NA,"LSI","JS",0
"159","131137","02/12/2024 15:27:54 (MST)","Pre",71.11,NA,"Turn","JOBEX",0
"160","113932","04/20/2022 07:49:49 (MST)","Pre",47.62,NA,"LSI","CPSO",0
"161","129710","06/03/2024 08:20:59 (MST)","Post",57.78,6.67,"LSI","JOBEX",0
"162","119466","07/28/2022 05:28:30 (MST)","Pre",39.39,NA,"LSI","FL",0
"163","115931","02/14/2022 03:43:54 (MST)","Post",55.56,0,"LSI","JOBEX",0
"164","116151","06/01/2022 02:44:12 (MST)","Post",78.57,14.28,"LSI","CPSO",0
"165","131297","01/21/2024 22:30:01 (MST)","Pre",71.11,NA,"LSI","JOBEX",0
"166","121274","09/12/2022 13:30:54 (MST)","Pre",26.67,NA,"LSI","JOBEX",0
"167","126564","05/15/2024 12:41:40 (MST)","Post",100,29.17,"Turn","WBLE",0
"168","109824","08/29/2023 13:37:04 (MST)","Pre",51.52,NA,"SPA","FL",0
"169","121961","11/09/2022 03:07:37 (MST)","Post",73.33,73.33,"LSI","ISA",1
"170","128510","10/25/2023 12:36:41 (MST)","Pre",70.83,NA,"LSI","WBLE",0
"171","108789","05/11/2022 06:55:48 (MST)","Post",71.43,19.05,"LSI","CPSO",0
"172","126240","05/16/2023 08:16:04 (MST)","Pre",63.33,NA,"LSI","ISA",0
"173","119125","09/13/2022 01:47:24 (MST)","Pre",55.56,NA,"SUU","JS",0
"174","129447","11/30/2023 10:15:26 (MST)","Pre",83.33,NA,"LSI","ILOM",0
"175","116469","05/19/2022 21:10:00 (MST)","Post",62.96,3.7,"NSSD","EMP",0
"176","121372","05/26/2023 08:23:55 (MST)","Post",76.19,11.9,"LSI","CPSO",0
"177","110266","02/08/2023 13:20:51 (MST)","Pre",56.67,NA,"SPA","ISA",0
"178","129786","05/10/2024 16:33:21 (MST)","Post",58.33,-4.17,"LSI","CSS",0
"179","110559","02/08/2022 09:00:26 (MST)","Post",91.67,14.29,"SPA","QWEX",0
"180","133967","05/09/2024 08:30:20 (MST)","Pre",66.67,NA,"LSI","ISA",0
"181","116638","01/21/2022 04:04:35 (MST)","Pre",40,NA,"LSI","ISA",0
"182","121548","12/13/2023 14:10:27 (MST)","Pre",66.67,NA,"CCC","CSS",0
"183","118671","05/12/2022 00:41:00 (MST)","Pre",45.83,NA,"LSI","CSS",0
"184","125277","10/25/2023 18:39:33 (MST)","Post",73.33,-3.34,"LSI","ISA",0
"185","9478836","06/22/2022 08:58:44 (MST)","Post",53.33,6.66,"CSD","JOBEX",0
"186","132902","05/23/2024 14:52:24 (MST)","Post",92.59,3.7,"LSI","JS",0
"187","122927","06/06/2023 20:38:07 (MST)","Post",33.33,-13.34,"LSI","ISA",0
"188","115919","08/05/2022 01:48:22 (MST)","Post",74.07,44.44,"LSI","JS",0
"189","116587","05/10/2022 06:03:01 (MST)","Pre",72.73,NA,"Turn","FL",0
"190","121042","08/31/2022 23:52:00 (MST)","Post",40.74,40.74,"SPA","EMP",0
"191","128979","05/14/2024 10:03:51 (MST)","Post",45.83,12.5,"SPA","WBLE",0
"192","116645","05/25/2022 13:50:02 (MST)","Post",56.67,-13.33,"LSI","ISA",0
"193","118491","07/19/2022 04:37:22 (MST)","Post",63.64,30.31,"LSI","FL",0
"194","124379","10/10/2023 16:13:35 (MST)","Post",96.3,55.56,"LSI","EMP",0
"195","124723","06/30/2023 12:55:25 (MST)","Pre",70.83,NA,"Turn","WBLE",0
"196","115576","12/09/2021 06:42:40 (MST)","Pre",48.89,NA,"SPA","JOBEX",0
"197","122081","04/16/2024 06:06:56 (MST)","Pre",59.26,NA,"CCC","EMP",0
"198","132207","03/21/2024 08:53:25 (MST)","Pre",85.19,NA,"LSI","EMP",0
"199","113658","01/07/2022 07:41:41 (MST)","Post",63.89,14.29,"LSI","QWEX",0
"200","112579","03/10/2022 03:36:44 (MST)","Pre",74.07,NA,"SUU","JS",0
"201","128692","12/06/2023 13:06:57 (MST)","Pre",41.67,NA,"LSI","WBLE",0
"202","111975","01/16/2023 17:21:46 (MST)","Pre",42.42,NA,"Turn","FL",0
"203","118539","06/22/2022 05:03:24 (MST)","Pre",66.67,NA,"Turn","JOBEX",0
"204","116172","08/21/2023 08:57:02 (MST)","Post",50,20.83,"SPA","WBLE",0
"205","124078","03/07/2023 18:09:20 (MST)","Pre",66.67,NA,"LSI","FL",0
"206","122763","04/13/2023 17:10:15 (MST)","Post",87.88,60.61,"LSI","FL",0
"207","128566","03/05/2024 13:02:44 (MST)","Post",68.89,33.33,"LSI","JOBEX",0
"208","129659","12/06/2023 13:46:46 (MST)","Post",48.89,13.33,"Turn","JOBEX",1
"209","118891","04/06/2022 02:43:41 (MST)","Pre",53.33,NA,"LSI","ISA",0
"210","113589","07/07/2023 08:34:46 (MST)","Pre",62.96,NA,"LSI","JS",0
"211","131432","02/07/2024 15:03:50 (MST)","Pre",82.22,NA,"SUU","JOBEX",0
"212","114005","03/31/2022 03:04:51 (MST)","Pre",77.78,NA,"LSI","JS",0
"213","123917","01/18/2024 16:19:57 (MST)","Post",95.24,61.91,"LSI","ILOM",0
"214","118946","05/27/2022 01:04:00 (MST)","Pre",75,NA,"LSI","WBLE",0
"215","115736","06/05/2022 09:24:46 (MST)","Post",92.86,47.62,"LSI","CPSO",0
"216","116487","06/12/2023 11:48:39 (MST)","Post",76.19,9.52,"NSSD","ILOM",1
"217","116184","02/21/2022 03:55:25 (MST)","Pre",62.22,NA,"LSI","JOBEX",0
"218","125635","10/31/2023 09:02:41 (MST)","Post",79.17,-16.66,"LSI","WBLE",0
"219","114096","11/01/2023 12:44:20 (MST)","Post",80,3.33,"NSSD","ISA",0
"220","113419","02/11/2022 01:57:20 (MST)","Pre",27.27,NA,"LSI","FL",0
"221","130916","01/16/2024 08:39:23 (MST)","Pre",62.96,NA,"LSI","JS",0
"222","121433","08/23/2023 13:48:43 (MST)","Post",77.78,28.89,"LSI","JOBEX",0
"223","121868","12/12/2022 04:25:00 (MST)","Pre",46.67,NA,"LSI","ISA",0
"224","118725","05/05/2022 04:50:16 (MST)","Pre",42.86,NA,"LSI","CPSO",0
"225","122602","11/15/2022 08:10:32 (MST)","Pre",57.78,NA,"LSI","JOBEX",0
"226","118539","12/30/2022 07:06:17 (MST)","Post",78.57,28.57,"Turn","CPSO",0
"227","118540","03/22/2022 08:44:40 (MST)","Pre",80,NA,"USU","ISA",0
"228","121274","03/30/2023 18:16:43 (MST)","Post",100,42.86,"LSI","ILOM",0
"229","128661","10/04/2023 08:04:13 (MST)","Pre",91.67,NA,"NSSD","CSS",0
"230","108352","06/12/2023 12:20:36 (MST)","Post",59.52,35.71,"NSSD","CPSO",0
"231","107998","01/03/2023 14:20:29 (MST)","Post",80,33.33,"LSI","ISA",0
"232","121071","01/27/2023 09:56:04 (MST)","Pre",57.14,NA,"LSI","CPSO",0
"233","115654","11/16/2022 02:23:05 (MST)","Post",80,-3.33,"Turn","ISA",0
"234","105450","05/03/2023 11:10:40 (MST)","Post",94.44,-7.41,"Turn","QWEX",0
"235","124380","11/08/2023 20:56:13 (MST)","Post",92.59,66.66,"LSI","JS",0
"236","110740","10/24/2022 08:21:04 (MST)","Pre",84.44,NA,"Turn","JOBEX",0
"237","130058","05/24/2024 14:41:37 (MST)","Post",66.67,6.67,"Turn","JOBEX",0
"238","130758","04/04/2024 11:25:12 (MST)","Post",68.89,22.22,"Turn","JOBEX",0
"239","114423","03/11/2022 04:27:49 (MST)","Post",68.89,24.45,"LSI","JOBEX",0
"240","118954","08/29/2022 09:28:04 (MST)","Post",93.94,45.46,"LSI","FL",0
"241","110875","10/25/2022 05:58:49 (MST)","Post",51.11,4.44,"LSI","JOBEX",0
"242","118060","02/14/2022 03:09:20 (MST)","Pre",60,NA,"LSI","ISA",0
"243","121273","09/07/2022 23:21:00 (MST)","Pre",37.5,NA,"LSI","CSS",0
"244","125379","09/05/2023 15:01:03 (MST)","Pre",61.9,NA,"Turn","CPSO",0
"245","118954","06/13/2022 01:30:00 (MST)","Pre",62.5,NA,"LSI","WBLE",0
"246","129180","04/15/2024 13:25:27 (MST)","Pre",33.33,NA,"LSI","ILOM",0
"247","127035","07/28/2023 14:27:08 (MST)","Pre",70.37,NA,"CCC","EMP",0
"248","133458","04/13/2024 14:00:35 (MST)","Pre",76.67,NA,"LSI","ISA",0
"249","116284","07/12/2022 09:41:17 (MST)","Post",100,48.48,"LSI","FL",0
"250","120238","01/31/2023 19:44:09 (MST)","Post",81.48,48.15,"LSI","JS",0
"251","110030","03/08/2023 12:32:20 (MST)","Pre",57.14,NA,"SPA","CPSO",0
"252","121605","12/14/2022 06:14:00 (MST)","Post",88.1,28.58,"LSI","CPSO",0
"253","124072","03/28/2023 09:05:52 (MST)","Pre",88.1,NA,"SUU","CPSO",0
"254","128661","10/04/2023 08:05:01 (MST)","Pre",92.59,NA,"NSSD","EMP",0
"255","128477","04/17/2024 10:56:34 (MST)","Post",95.56,24.45,"SUU","JOBEX",0
"256","121170","09/13/2022 01:44:35 (MST)","Pre",63.33,NA,"SUU","ISA",0
"257","108920","09/01/2022 03:39:00 (MST)","Pre",83.33,NA,"Turn","CSS",0
"258","125276","04/25/2024 12:18:18 (MST)","Post",90.48,42.86,"LSI","CPSO",0
"259","132655","03/27/2024 10:17:28 (MST)","Post",53.33,6.66,"MM","JOBEX",0
"260","122280","10/21/2022 02:30:40 (MST)","Pre",63.33,NA,"LSI","ISA",0
"261","129128","12/08/2023 17:25:04 (MST)","Post",70.83,8.33,"LSI","WBLE",0
"262","122072","01/19/2023 12:28:52 (MST)","Pre",57.14,NA,"LSI","CPSO",0
"263","114182","01/04/2022 22:11:00 (MST)","Pre",37.5,NA,"LSI","CSS",0
"264","129777","04/15/2024 13:12:00 (MST)","Post",93.33,3.33,"LSI","ISA",0
"265","123185","03/13/2023 16:23:14 (MST)","Pre",70.83,NA,"LSI","CSS",0
"266","113600","09/13/2023 14:51:19 (MST)","Pre",66.67,NA,"Turn","FL",0
"267","115906","02/01/2022 05:42:27 (MST)","Pre",90,NA,"LSI","ISA",0
"268","131318","04/11/2024 14:44:32 (MST)","Pre",100,NA,"LSI","EMP",0
"269","121863","09/30/2022 02:46:48 (MST)","Post",96.67,-3.33,"LSI","ISA",1
"270","129182","11/08/2023 18:35:58 (MST)","Pre",74.07,NA,"LSI","JS",0
"271","121262","09/22/2022 03:43:46 (MST)","Pre",37.04,NA,"LSI","JS",0
"272","115576","11/07/2023 10:05:24 (MST)","Post",3.7,-18.52,"SPA","JS",0
"273","121942","11/02/2022 03:05:10 (MST)","Pre",66.67,NA,"LSI","ISA",0
"274","119219","05/13/2024 11:47:29 (MST)","Post",95.56,26.67,"CETC","JOBEX",0
"275","133757","05/30/2024 13:26:08 (MST)","Pre",57.78,NA,"Turn","JOBEX",0
"276","116613","02/13/2022 20:29:00 (MST)","Pre",85.19,NA,"NSSD","EMP",0
"277","131954","04/18/2024 08:23:08 (MST)","Post",90,23.33,"LSI","ISA",0
"278","111033","04/12/2023 09:55:26 (MST)","Post",68.89,11.11,"Turn","JOBEX",0
"279","126277","02/08/2024 11:02:17 (MST)","Post",97.62,4.76,"CCC","ILOM",0
"280","120174","08/25/2022 08:12:15 (MST)","Post",63.33,3.33,"LSI","ISA",0
"281","119133","04/19/2022 05:25:24 (MST)","Pre",35.56,NA,"LSI","JOBEX",0
"282","102434","07/20/2023 13:06:00 (MST)","Pre",57.78,NA,"LSI","JOBEX",0
"283","110109","11/29/2022 06:44:00 (MST)","Pre",80.95,NA,"LSI","ILOM",0
"284","102877","06/29/2023 14:42:21 (MST)","Post",100,33.33,"LSI","CSS",0
"285","132694","03/13/2024 06:36:41 (MST)","Pre",83.33,NA,"LSI","ISA",0
"286","129449","03/26/2024 08:43:40 (MST)","Post",55.56,0,"LSI","EMP",1
"287","120290","09/30/2022 04:48:59 (MST)","Pre",96.3,NA,"LSI","JS",0
"288","127748","01/29/2024 15:54:08 (MST)","Post",93.94,9.09,"CCC","FL",0
"289","128605","09/18/2023 13:01:58 (MST)","Pre",85.71,NA,"NSSD","ILOM",0
"290","113805","04/19/2024 11:21:00 (MST)","Post",95.24,21.43,"SUU","CPSO",0
"291","116470","04/06/2022 02:48:03 (MST)","Post",75.56,11.12,"LSI","JOBEX",0
"292","129879","11/03/2023 13:17:01 (MST)","Pre",63.33,NA,"LSI","ISA",0
"293","116175","04/11/2022 06:03:31 (MST)","Pre",42.22,NA,"LSI","JOBEX",0
"294","81452","08/07/2022 20:42:00 (MST)","Post",100,14.29,"RTI","ILOM",0
"295","119519","02/03/2023 13:37:30 (MST)","Pre",50,NA,"Turn","WBLE",0
"296","116467","05/23/2022 02:32:09 (MST)","Post",73.33,3.33,"NSSD","ISA",0
"297","121862","11/15/2022 04:33:17 (MST)","Post",44.44,-7.41,"LSI","JS",1
"298","113589","05/30/2023 13:51:16 (MST)","Pre",75,NA,"LSI","WBLE",0
"299","133964","05/06/2024 13:57:22 (MST)","Pre",37.04,NA,"LSI","JS",0
"300","115968","04/28/2022 08:17:18 (MST)","Post",85.19,44.45,"LSI","JS",0
"301","116491","02/01/2022 05:15:43 (MST)","Pre",42.86,NA,"NSSD","CPSO",0
"302","110430","07/18/2023 15:01:37 (MST)","Pre",96.3,NA,"RTI","EMP",0
"303","128650","09/18/2023 13:09:17 (MST)","Pre",41.67,NA,"NSSD","CSS",0
"304","129710","05/01/2024 12:15:08 (MST)","Pre",69.05,NA,"LSI","ILOM",0
"305","121555","09/06/2023 14:23:24 (MST)","Pre",48.15,NA,"CCC","JS",0
"306","109815","05/29/2024 14:00:27 (MST)","Post",71.11,0,"SPA","JOBEX",0
"307","118718","06/09/2022 06:15:16 (MST)","Post",90.48,11.91,"LSI","CPSO",0
"308","128906","12/15/2023 17:15:18 (MST)","Pre",80.95,NA,"LSI","CPSO",0
"309","121263","09/07/2022 04:21:02 (MST)","Pre",42.86,NA,"LSI","CPSO",0
"310","122924","07/25/2023 14:27:55 (MST)","Post",96.3,14.82,"Turn","EMP",0
"311","121925","10/04/2022 06:18:49 (MST)","Pre",50,NA,"USU","ISA",0
"312","118065","03/02/2022 07:11:39 (MST)","Pre",66.67,NA,"LSI","ISA",0
"313","120667","09/08/2022 09:34:07 (MST)","Pre",73.33,NA,"SUU","ISA",0
"314","103268","07/12/2023 08:22:21 (MST)","Post",80,-10,"RTI","ISA",0
"315","121864","11/22/2022 09:19:41 (MST)","Pre",84.85,NA,"LSI","FL",0
"316","124491","10/30/2023 13:06:24 (MST)","Post",90.91,39.39,"Turn","FL",0
"317","118892","04/06/2022 02:14:44 (MST)","Pre",53.33,NA,"LSI","ISA",0
"318","103268","07/18/2023 14:49:04 (MST)","Post",77.78,-11.11,"RTI","JS",0
"319","129879","12/15/2023 10:48:59 (MST)","Pre",90.91,NA,"LSI","FL",0
"320","111414","09/14/2022 09:45:12 (MST)","Pre",51.85,NA,"LSI","JS",0
"321","111350","04/07/2022 09:19:20 (MST)","Pre",97.78,NA,"PARC","JOBEX",0
"322","105536","11/04/2022 09:06:18 (MST)","Pre",68.89,NA,"LSI","JOBEX",0
"323","110031","05/20/2024 11:54:34 (MST)","Post",72.73,24.25,"SPA","FL",0
"324","124628","06/20/2023 13:25:05 (MST)","Post",66.67,10,"LSI","ISA",0
"325","42531","04/30/2024 08:20:08 (MST)","Pre",66.67,NA,"SUU","WBLE",0
"326","118535","05/14/2024 07:51:49 (MST)","Post",60,11.11,"LSI","JOBEX",0
"327","126564","01/31/2024 13:15:21 (MST)","Pre",70.83,NA,"Turn","WBLE",0
"328","121941","12/23/2022 02:14:00 (MST)","Post",66.67,-7.4,"LSI","JS",0
"329","114096","05/20/2022 06:56:06 (MST)","Pre",76.67,NA,"NSSD","ISA",0
"330","122067","10/12/2022 05:03:07 (MST)","Pre",30,NA,"LSI","ISA",0
"331","115798","12/03/2021 08:00:56 (MST)","Pre",51.11,NA,"LSI","JOBEX",0
"332","123664","01/23/2023 11:35:09 (MST)","Pre",77.78,NA,"LSI","JS",0
"333","114311","09/27/2023 10:05:58 (MST)","Pre",51.11,NA,"LSI","JOBEX",0
"334","118718","04/22/2022 02:11:57 (MST)","Pre",78.57,NA,"LSI","CPSO",0
"335","115733","02/01/2022 06:11:23 (MST)","Pre",46.67,NA,"LSI","ISA",0
"336","123783","10/20/2023 20:51:57 (MST)","Post",66.67,23.34,"LSI","ISA",0
"337","121957","10/14/2022 06:28:38 (MST)","Pre",60,NA,"LSI","ISA",0
"338","116477","09/21/2023 12:01:49 (MST)","Post",54.17,16.67,"NSSD","CSS",0
"339","128612","09/25/2023 14:06:38 (MST)","Pre",46.67,NA,"UVU","ISA",0
"340","121862","10/11/2022 05:33:11 (MST)","Pre",44.44,NA,"LSI","JOBEX",0
"341","92064","02/01/2022 06:09:35 (MST)","Pre",56.67,NA,"SUU","ISA",0
"342","124537","06/08/2023 21:30:14 (MST)","Post",85.71,9.52,"LSI","ILOM",1
"343","129778","01/04/2024 12:53:55 (MST)","Pre",14.81,NA,"LSI","JS",0
"344","100257","03/22/2022 08:56:14 (MST)","Pre",95.24,NA,"SUU","CPSO",0
"345","122348","11/09/2023 14:27:00 (MST)","Post",78.57,7.14,"LSI","CPSO",0
"346","109877","03/07/2023 13:06:23 (MST)","Pre",42.42,NA,"SPA","FL",0
"347","122699","04/13/2023 10:07:41 (MST)","Post",62.96,33.33,"LSI","JS",0
"348","125832","03/22/2024 14:45:35 (MST)","Post",81.48,25.92,"Turn","JS",0
"349","121452","01/19/2024 11:48:01 (MST)","Pre",50,NA,"LSI","WBLE",0
"350","121342","09/07/2022 09:20:14 (MST)","Pre",83.33,NA,"LSI","ISA",0
"351","122995","07/05/2023 09:09:40 (MST)","Pre",57.78,NA,"LSI","JOBEX",0
"352","121267","09/02/2022 10:53:21 (MST)","Pre",83.33,NA,"LSI","ISA",0
"353","127509","08/03/2023 14:58:45 (MST)","Post",63.33,-3.34,"LSI","ISA",1
"354","126733","06/12/2023 12:13:52 (MST)","Pre",88.89,NA,"Turn","JOBEX",0
"355","125274","10/25/2023 14:29:20 (MST)","Post",90.91,36.36,"CCC","FL",0
"356","119683","08/24/2022 05:33:00 (MST)","Pre",29.63,NA,"LSI","EMP",0
"357","109815","03/06/2023 12:10:04 (MST)","Pre",66.67,NA,"SPA","WBLE",0
"358","118784","04/15/2022 03:37:50 (MST)","Pre",51.52,NA,"LSI","FL",0
"359","9653440","08/09/2022 22:47:00 (MST)","Pre",79.17,NA,"CSD","WBLE",0
"360","113312","04/06/2022 07:46:44 (MST)","Post",57.78,13.34,"SUU","JOBEX",1
"361","121681","02/13/2024 13:29:46 (MST)","Post",83.33,0,"LSI","WBLE",0
"362","124723","01/22/2024 11:12:34 (MST)","Post",73.33,-3.34,"Turn","ISA",1
"363","119126","07/20/2022 01:18:00 (MST)","Post",79.17,25,"CCC","CSS",0
"364","124146","09/29/2023 09:25:50 (MST)","Pre",55.56,NA,"LSI","JS",0
"365","116284","06/05/2022 03:44:00 (MST)","Pre",62.5,NA,"LSI","CSS",0
"366","131297","01/21/2024 22:27:44 (MST)","Pre",60,NA,"LSI","ISA",0
"367","131317","02/21/2024 17:22:38 (MST)","Pre",57.14,NA,"LSI","CPSO",0
"368","131960","02/20/2024 18:08:30 (MST)","Pre",59.26,NA,"LSI","JS",0
"369","105450","04/20/2023 12:29:33 (MST)","Pre",86.67,NA,"Turn","JOBEX",0
"370","131086","04/19/2024 14:18:13 (MST)","Pre",83.33,NA,"CCC","ILOM",0
"371","121827","10/17/2022 09:33:50 (MST)","Pre",53.33,NA,"LSI","JOBEX",0
"372","119504","05/20/2022 06:45:55 (MST)","Pre",42.22,NA,"SPA","JOBEX",0
"373","116649","05/26/2022 13:08:47 (MST)","Post",63.33,10,"LSI","ISA",0
"374","116467","04/18/2022 05:51:32 (MST)","Pre",57.58,NA,"NSSD","FL",0
"375","118438","08/12/2022 03:36:40 (MST)","Post",95.24,19.05,"LSI","CPSO",0
"376","122759","01/20/2023 11:31:08 (MST)","Pre",90,NA,"LSI","ISA",0
"377","113699","04/21/2023 12:15:57 (MST)","Pre",91.11,NA,"SUU","JOBEX",0
"378","120258","09/22/2022 21:24:00 (MST)","Post",70.83,37.5,"LSI","CSS",0
"379","90796","05/04/2022 01:50:25 (MST)","Post",92.59,7.4,"LSI","JS",0
"380","129869","03/13/2024 14:44:03 (MST)","Post",100,0,"LSI","WBLE",0
"381","129640","10/24/2023 10:51:02 (MST)","Pre",66.67,NA,"LSI","JOBEX",0
"382","121921","04/18/2024 12:07:40 (MST)","Pre",33.33,NA,"LSI","CPSO",0
"383","133198","05/21/2024 09:49:32 (MST)","Post",76.67,30,"LSI","ISA",0
"384","128607","09/26/2023 09:07:42 (MST)","Pre",73.33,NA,"UVU","ISA",0
"385","131711","03/15/2024 10:43:05 (MST)","Pre",54.17,NA,"CCC","CSS",0
"386","113933","04/25/2022 07:38:18 (MST)","Post",58.33,14.29,"LSI","QWEX",0
"387","116479","05/18/2022 21:30:00 (MST)","Post",100,70.83,"NSSD","CSS",0
"388","120294","08/09/2022 00:47:30 (MST)","Pre",27.27,NA,"LSI","FL",0
"389","118153","03/01/2022 07:55:14 (MST)","Pre",23.81,NA,"CCC","CPSO",0
"390","92760","07/14/2022 05:27:06 (MST)","Post",71.11,24.44,"LSI","JOBEX",0
"391","115908","03/25/2022 06:48:16 (MST)","Pre",53.33,NA,"LSI","JOBEX",0
"392","112743","03/16/2022 09:30:26 (MST)","Post",80.95,40.47,"SUU","CPSO",0
"393","126905","03/25/2024 11:21:17 (MST)","Post",73.33,26.66,"LSI","ISA",0
"394","121698","10/04/2022 04:59:00 (MST)","Pre",80.95,NA,"LSI","ILOM",0
"395","118737","06/23/2022 06:09:19 (MST)","Pre",62.22,NA,"LSI","JOBEX",0
"396","121288","10/12/2022 22:57:00 (MST)","Post",70.83,12.5,"LSI","CSS",0
"397","129175","05/22/2024 13:05:21 (MST)","Post",96.67,30,"LSI","ISA",0
"398","115654","12/08/2021 23:56:00 (MST)","Pre",90.48,NA,"Turn","ILOM",0
"399","116243","03/02/2022 06:58:21 (MST)","Pre",69.7,NA,"LSI","FL",0
"400","113753","03/25/2022 06:49:34 (MST)","Post",66.67,20,"LSI","JOBEX",0
"401","118457","08/10/2022 07:40:10 (MST)","Pre",39.39,NA,"Turn","FL",0
"402","110884","06/30/2022 22:48:00 (MST)","Pre",95.83,NA,"Turn","CSS",0
"403","105458","08/30/2022 10:08:48 (MST)","Pre",7.14,NA,"SPA","CPSO",0
"404","115550","05/29/2022 03:50:00 (MST)","Post",91.67,41.67,"LSI","WBLE",0
"405","111885","08/08/2022 09:46:56 (MST)","Pre",60,NA,"USU","JOBEX",0
"406","107608","03/25/2022 02:35:05 (MST)","Pre",100,NA,"SUU","CPSO",0
"407","129133","01/29/2024 12:55:55 (MST)","Post",70,26.67,"LSI","ISA",0
"408","128910","09/21/2023 16:57:09 (MST)","Pre",46.67,NA,"LSI","ISA",0
"409","129184","03/07/2024 13:30:13 (MST)","Pre",97.62,NA,"LSI","ILOM",0
"410","101103","05/20/2022 06:53:53 (MST)","Pre",93.94,NA,"NSSD","FL",0
"411","121872","12/14/2022 14:16:00 (MST)","Pre",58.33,NA,"LSI","CSS",0
"412","120290","06/30/2022 04:22:03 (MST)","Pre",63.33,NA,"LSI","ISA",0
"413","115745","12/10/2021 05:11:45 (MST)","Pre",25.93,NA,"LSI","JS",0
"414","118310","07/20/2022 05:03:14 (MST)","Post",70.37,51.85,"LSI","JS",0
"415","1932827","05/22/2023 06:25:58 (MST)","Pre",62.22,NA,"CSD","JOBEX",0
"416","101233","07/06/2022 02:18:12 (MST)","Pre",44.44,NA,"RTI","JOBEX",0
"417","9467622","05/31/2022 05:23:35 (MST)","Pre",62.22,NA,"CSD","JOBEX",0
"418","114318","11/24/2021 05:06:23 (MST)","Pre",48.89,NA,"LSI","JOBEX",0
"419","98748","11/11/2021 03:36:56 (MST)","Pre",54.55,NA,"SUU","FL",0
"420","118784","03/29/2022 09:30:19 (MST)","Pre",29.63,NA,"LSI","JS",0
"421","121076","09/07/2022 12:47:37 (MST)","Pre",91.11,NA,"LSI","JOBEX",0
"422","124191","06/22/2023 21:49:28 (MST)","Pre",33.33,NA,"LSI","JS",0
"423","118810","06/15/2022 08:50:03 (MST)","Pre",39.39,NA,"LSI","FL",0
"424","128391","11/14/2023 11:49:32 (MST)","Pre",73.33,NA,"CCC","JOBEX",0
"425","130758","01/04/2024 13:29:36 (MST)","Pre",46.67,NA,"Turn","JOBEX",0
"426","118070","05/26/2022 08:25:00 (MST)","Post",70.83,-4.17,"LSI","CSS",0
"427","110862","02/08/2023 11:57:59 (MST)","Pre",26.67,NA,"SPA","JOBEX",0
"428","116598","03/28/2022 01:54:00 (MST)","Pre",66.67,NA,"LSI","WBLE",0
"429","130749","03/20/2024 08:22:02 (MST)","Post",97.62,9.52,"LSI","ILOM",0
"430","132078","02/22/2024 12:15:11 (MST)","Pre",62.96,NA,"LSI","EMP",0
"431","114214","11/11/2022 08:46:08 (MST)","Pre",66.67,NA,"LSI","JOBEX",0
"432","116023","05/16/2022 06:50:00 (MST)","Post",57.78,0,"LSI","JOBEX",0
"433","120857","11/03/2023 12:27:27 (MST)","Pre",88.89,NA,"SPA","EMP",0
"434","902679","06/30/2022 05:55:36 (MST)","Pre",72.73,NA,"Turn","FL",0
"435","124721","01/19/2024 11:35:46 (MST)","Post",66.67,31.11,"CCC","JOBEX",0
"436","117785","04/25/2022 04:54:19 (MST)","Pre",63.64,NA,"LSI","FL",0
"437","132433","05/31/2024 09:40:50 (MST)","Post",85.19,55.56,"LSI","JS",0
"438","116463","05/23/2022 03:36:19 (MST)","Post",74.07,-7.41,"NSSD","JS",0
"439","132433","04/25/2024 10:12:11 (MST)","Pre",33.33,NA,"LSI","FL",0
"440","116587","05/10/2022 04:48:25 (MST)","Pre",59.26,NA,"Turn","JS",0
"441","124279","05/30/2023 13:07:14 (MST)","Post",69.44,4.76,"LSI","QWEX",0
"442","131209","01/12/2024 14:36:35 (MST)","Pre",86.67,NA,"LSI","ISA",0
"443","113589","09/27/2022 09:09:52 (MST)","Post",100,66.67,"CCC","JS",0
"444","118691","03/22/2022 13:36:08 (MST)","Pre",60,NA,"LSI","ISA",0
"445","125277","12/21/2023 17:51:38 (MST)","Pre",55.56,NA,"LSI","JOBEX",0
"446","133534","04/24/2024 08:46:57 (MST)","Pre",66.67,NA,"LSI","ISA",0
"447","121801","05/26/2023 19:22:16 (MST)","Post",73.33,-20,"LSI","JOBEX",0
"448","119130","08/15/2022 07:13:16 (MST)","Post",94.44,14.29,"LSI","QWEX",0
"449","131956","03/04/2024 11:16:15 (MST)","Pre",40.74,NA,"LSI","JS",0
"450","130256","04/03/2024 14:50:53 (MST)","Pre",64.29,NA,"LSI","ILOM",0
"451","121607","02/06/2023 10:53:08 (MST)","Post",86.67,33.34,"LSI","ISA",0
"452","116242","04/26/2022 04:21:33 (MST)","Post",78.79,15.15,"LSI","FL",0
"453","128304","09/20/2023 16:17:29 (MST)","Pre",48.89,NA,"SUU","JOBEX",0
"454","110031","05/20/2024 11:51:46 (MST)","Post",50,4.76,"SPA","CPSO",0
"455","118896","05/22/2022 21:11:00 (MST)","Pre",66.67,NA,"LSI","ILOM",0
"456","125280","04/19/2023 09:59:31 (MST)","Pre",51.11,NA,"LSI","JOBEX",0
"457","124408","05/26/2023 08:56:12 (MST)","Post",70.37,37.04,"LSI","JS",0
"458","108369","04/12/2022 10:49:54 (MST)","Post",66.67,29.63,"LSI","JS",0
"459","100887","03/28/2023 08:51:31 (MST)","Post",63.33,43.33,"SUU","ISA",0
"460","119089","02/24/2023 15:23:10 (MST)","Pre",100,NA,"Turn","CSS",0
"461","128862","10/04/2023 10:17:43 (MST)","Pre",85.19,NA,"NSSD","EMP",0
"462","129770","12/21/2023 12:07:45 (MST)","Pre",51.85,NA,"LSI","JS",0
"463","118290","05/31/2022 03:46:59 (MST)","Post",69.05,28.57,"LSI","CPSO",0
"464","113589","09/27/2022 09:05:44 (MST)","Post",77.78,33.34,"CCC","JOBEX",0
"465","116653","03/21/2022 23:03:00 (MST)","Pre",58.33,NA,"LSI","CSS",0
"466","129454","03/18/2024 11:18:00 (MST)","Post",68.89,13.33,"LSI","JOBEX",0
"467","129182","03/07/2024 12:28:47 (MST)","Post",90,23.33,"LSI","ISA",0
"468","121467","04/06/2023 14:44:50 (MST)","Post",43.33,-13.34,"SUU","ISA",0
"469","107957","03/25/2022 05:45:40 (MST)","Pre",83.33,NA,"SUU","ISA",0
"470","130058","12/21/2023 11:25:51 (MST)","Pre",59.26,NA,"Turn","EMP",0
"471","130509","01/16/2024 08:35:12 (MST)","Pre",25.93,NA,"LSI","JS",0
"472","129713","04/05/2024 08:47:09 (MST)","Post",36.67,0,"LSI","ISA",0
"473","110559","12/02/2021 06:24:28 (MST)","Pre",66.67,NA,"SPA","CPSO",0
"474","129452","10/24/2023 14:25:12 (MST)","Pre",84.85,NA,"LSI","FL",0
"475","119999","09/29/2022 20:58:00 (MST)","Post",66.67,8.34,"LSI","CSS",0
"476","116611","01/21/2022 04:12:52 (MST)","Pre",85.19,NA,"LSI","JS",0
"477","124004","05/20/2024 10:40:21 (MST)","Post",90,30,"LSI","ISA",0
"478","124379","10/27/2023 17:51:22 (MST)","Post",95.56,55.56,"LSI","JOBEX",0
"479","113112","05/11/2022 08:41:08 (MST)","Pre",66.67,NA,"Turn","JOBEX",0
"480","113625","03/08/2022 03:14:34 (MST)","Post",69.05,30.95,"LSI","CPSO",0
"481","115626","10/04/2022 06:24:47 (MST)","Pre",36.67,NA,"USU","ISA",0
"482","119199","04/26/2022 07:23:42 (MST)","Pre",15.15,NA,"LSI","FL",0
"483","125832","03/13/2024 15:25:01 (MST)","Post",62.5,-4.17,"Turn","CSS",0
"484","112577","02/01/2022 06:06:41 (MST)","Pre",63.33,NA,"SUU","ISA",0
"485","121447","01/09/2024 11:54:51 (MST)","Pre",57.58,NA,"LSI","FL",0
"486","121749","11/09/2022 03:09:06 (MST)","Pre",40,NA,"LSI","JOBEX",0
"487","129180","11/20/2023 15:38:25 (MST)","Pre",73.33,NA,"LSI","ISA",0
"488","126069","06/21/2023 11:22:18 (MST)","Pre",66.67,NA,"LSI","JS",0
"489","115880","01/20/2022 21:47:00 (MST)","Pre",74.07,NA,"LSI","EMP",0
"490","123131","06/02/2023 13:08:10 (MST)","Post",87.88,30.3,"LSI","FL",0
"491","125271","08/30/2023 12:08:23 (MST)","Pre",48.48,NA,"CCC","FL",0
"492","127710","02/20/2024 16:51:26 (MST)","Pre",73.33,NA,"Turn","JOBEX",0
"493","113313","03/18/2022 09:22:25 (MST)","Post",59.52,14.28,"SUU","CPSO",0
"494","123499","02/20/2024 15:34:05 (MST)","Post",62.5,20.83,"LSI","CSS",0
"495","115759","04/25/2022 00:22:00 (MST)","Pre",57.14,NA,"Turn","ILOM",0
"496","126951","03/27/2024 18:08:26 (MST)","Post",82.22,42.22,"LSI","JOBEX",0
"497","128210","08/28/2023 11:10:10 (MST)","Pre",45.24,NA,"SPA","CPSO",0
"498","120403","09/30/2022 03:55:00 (MST)","Post",91.11,57.78,"LSI","JOBEX",0
"499","118075","04/22/2022 06:55:23 (MST)","Pre",40,NA,"LSI","JOBEX",0
"500","116469","02/13/2022 20:34:00 (MST)","Pre",91.67,NA,"NSSD","CSS",0
"501","113679","05/23/2022 04:02:19 (MST)","Post",90.91,36.36,"LSI","FL",0
"502","118066","05/12/2022 07:02:49 (MST)","Pre",48.48,NA,"LSI","FL",0
"503","100558","09/14/2022 01:37:30 (MST)","Pre",62.96,NA,"SUU","JS",0
"504","119126","06/09/2022 06:41:57 (MST)","Pre",59.52,NA,"CCC","CPSO",0
"505","121348","12/15/2022 07:53:00 (MST)","Pre",71.43,NA,"LSI","ILOM",0
"506","118240","08/18/2022 07:26:14 (MST)","Post",100,66.67,"SPA","JOBEX",0
"507","120077","03/06/2023 11:02:36 (MST)","Pre",95.83,NA,"SUU","WBLE",0
"508","110708","02/01/2023 12:32:29 (MST)","Pre",51.52,NA,"SPA","FL",0
"509","129127","01/12/2024 14:11:41 (MST)","Post",66.67,14.82,"LSI","JS",1
"510","132751","03/22/2024 22:42:24 (MST)","Pre",53.33,NA,"LSI","ISA",0
"511","117812","09/08/2022 05:30:00 (MST)","Post",58.33,0,"LSI","WBLE",0
"512","110709","04/18/2023 15:48:41 (MST)","Pre",95.24,NA,"Turn","ILOM",0
"513","122445","06/30/2023 20:20:49 (MST)","Post",70.83,33.33,"LSI","CSS",0
"514","109823","03/07/2023 13:22:10 (MST)","Pre",77.78,NA,"SPA","EMP",0
"515","128701","03/25/2024 15:59:16 (MST)","Pre",70,NA,"LSI","ISA",0
"516","118075","06/08/2022 05:14:22 (MST)","Post",70.37,25.93,"LSI","JS",0
"517","116151","04/17/2022 23:35:00 (MST)","Pre",62.5,NA,"LSI","WBLE",0
"518","115968","04/28/2022 08:10:49 (MST)","Post",70,30,"LSI","ISA",0
"519","122071","06/30/2023 18:17:47 (MST)","Post",91.67,33.34,"LSI","CSS",0
"520","112427","04/28/2022 20:15:00 (MST)","Pre",42.86,NA,"LSI","ILOM",0
"521","124873","01/11/2024 14:22:53 (MST)","Post",77.78,3.7,"Turn","QWEX",0
"522","124873","01/24/2024 14:29:39 (MST)","Post",78.79,45.46,"Turn","FL",0
"523","121575","09/15/2022 07:10:31 (MST)","Pre",40,NA,"SUU","ISA",0
"524","116438","05/22/2022 20:39:00 (MST)","Pre",66.67,NA,"NSSD","ILOM",0
"525","131958","03/04/2024 11:18:53 (MST)","Pre",44.44,NA,"LSI","JOBEX",0
"526","110119","05/14/2024 09:31:50 (MST)","Post",83.33,16.66,"SPA","ILOM",0
"527","115908","02/01/2022 05:44:55 (MST)","Pre",63.33,NA,"LSI","ISA",0
"528","129167","03/06/2024 22:00:51 (MST)","Post",83.33,16.66,"LSI","WBLE",0
"529","105458","08/30/2022 10:06:19 (MST)","Pre",20,NA,"SPA","ISA",0
"530","123495","05/23/2023 20:52:19 (MST)","Post",75.56,13.34,"LSI","JOBEX",0
"531","128413","09/29/2023 10:08:34 (MST)","Post",51.52,12.13,"LSI","FL",0
"532","129129","10/26/2023 12:12:50 (MST)","Pre",57.58,NA,"LSI","FL",0
"533","123166","08/07/2023 19:31:48 (MST)","Post",80.95,-4.76,"LSI","ILOM",0
"534","128726","09/21/2023 09:47:26 (MST)","Pre",95.24,NA,"NSSD","ILOM",0
"535","9632971","06/28/2022 11:16:10 (MST)","Post",75.56,4.45,"CSD","JOBEX",0
"536","131959","02/20/2024 16:35:17 (MST)","Pre",60,NA,"LSI","ISA",0
"537","122998","05/23/2023 20:30:13 (MST)","Post",73.33,15.55,"LSI","JOBEX",0
"538","117783","06/29/2022 05:08:00 (MST)","Post",79.17,41.67,"LSI","CSS",0
"539","118062","06/08/2022 00:59:34 (MST)","Post",54.76,28.57,"LSI","CPSO",0
"540","109825","08/28/2023 11:44:55 (MST)","Pre",59.26,NA,"SPA","EMP",0
"541","120600","07/27/2022 02:06:37 (MST)","Pre",0,NA,"CCC","JS",0
"542","119788","06/29/2022 09:39:00 (MST)","Post",57.14,23.81,"LSI","ILOM",0
"543","131542","02/08/2024 12:23:39 (MST)","Post",96.3,33.34,"PARC","EMP",0
"544","114088","09/28/2022 03:35:32 (MST)","Pre",51.85,NA,"LSI","JS",0
"545","92064","04/04/2022 09:13:17 (MST)","Post",66.67,11.11,"SUU","JOBEX",0
"546","116758","10/04/2022 06:27:17 (MST)","Pre",40,NA,"USU","ISA",0
"547","114503","11/23/2021 22:03:00 (MST)","Pre",96.3,NA,"LSI","EMP",0
"548","115749","02/02/2022 06:58:23 (MST)","Post",63.33,10,"LSI","ISA",0
"549","128767","11/29/2023 14:53:44 (MST)","Pre",72.73,NA,"LSI","FL",0
"550","118671","03/30/2022 11:21:59 (MST)","Pre",53.33,NA,"LSI","JOBEX",0
"551","125283","04/25/2023 15:31:00 (MST)","Pre",44.44,NA,"LSI","JS",0
"552","124380","12/04/2023 17:15:37 (MST)","Post",87.5,62.5,"LSI","CSS",0
"553","133794","04/30/2024 10:40:05 (MST)","Pre",80,NA,"MM","JOBEX",0
"554","110709","05/10/2023 15:58:26 (MST)","Post",100,3.7,"Turn","EMP",0
"555","124067","02/02/2023 15:19:48 (MST)","Pre",66.67,NA,"LSI","ISA",0
"556","110430","06/14/2023 14:56:43 (MST)","Pre",71.11,NA,"RTI","JOBEX",0
"557","125379","09/05/2023 14:58:09 (MST)","Pre",51.85,NA,"Turn","JS",0
"558","121752","10/12/2022 12:52:19 (MST)","Pre",73.81,NA,"LSI","CPSO",0
"559","122996","05/15/2024 14:24:10 (MST)","Post",62.96,55.55,"LSI","JS",0
"560","115750","02/21/2022 05:25:07 (MST)","Pre",54.55,NA,"LSI","FL",0
"561","129786","05/10/2024 16:32:04 (MST)","Post",100,20,"LSI","ISA",0
"562","120286","08/23/2022 03:20:08 (MST)","Post",73.33,23.33,"LSI","ISA",0
"563","115576","12/08/2021 23:55:00 (MST)","Pre",77.78,NA,"SPA","EMP",0
"564","120232","02/02/2023 18:50:24 (MST)","Post",88.89,59.26,"LSI","EMP",0
"565","113435","12/15/2023 14:19:23 (MST)","Post",100,3.7,"Turn","JS",0
"566","188098","08/15/2022 09:50:36 (MST)","Post",97.22,14.29,"SUU","QWEX",0
"567","116023","12/10/2021 05:00:01 (MST)","Pre",57.78,NA,"LSI","JOBEX",0
"568","116636","03/02/2022 08:00:23 (MST)","Pre",33.33,NA,"LSI","JS",0
"569","102877","06/29/2023 14:43:17 (MST)","Post",75.76,12.12,"LSI","FL",0
"570","115752","02/02/2022 06:52:48 (MST)","Post",66.67,17.78,"LSI","JOBEX",0
"571","121957","10/14/2022 07:55:52 (MST)","Post",56.67,56.67,"LSI","ISA",1
"572","123499","02/20/2024 15:29:46 (MST)","Post",66.67,20,"LSI","JOBEX",0
"573","129134","04/12/2024 15:45:28 (MST)","Pre",66.67,NA,"LSI","CSS",0
"574","123742","11/17/2023 11:10:13 (MST)","Post",70.83,4.16,"CCC","CSS",0
"575","115698","02/01/2022 06:12:51 (MST)","Pre",80,NA,"LSI","ISA",0
"576","122927","05/25/2023 10:22:59 (MST)","Pre",46.67,NA,"LSI","ISA",0
"577","129129","10/31/2023 12:02:56 (MST)","Post",44.44,7.4,"LSI","JS",1
"578","126906","06/22/2023 13:27:56 (MST)","Pre",66.67,NA,"LSI","ISA",0
"579","129182","10/06/2023 13:23:46 (MST)","Pre",80.95,NA,"LSI","CPSO",0
"580","121865","08/18/2023 15:31:10 (MST)","Pre",90.48,NA,"LSI","ILOM",0
"581","126377","11/09/2023 15:40:09 (MST)","Post",96.3,25.93,"CCC","EMP",0
"582","121496","10/13/2022 06:57:37 (MST)","Post",60,0,"LSI","ISA",0
"583","116523","08/29/2023 12:17:12 (MST)","Post",70.83,-4.17,"HKNC","CSS",0
"584","121960","02/14/2023 16:20:34 (MST)","Pre",54.17,NA,"LSI","WBLE",0
"585","109815","05/29/2024 14:09:51 (MST)","Pre",73.81,NA,"SPA","CPSO",0
"586","127282","03/01/2024 10:21:17 (MST)","Post",83.33,21.43,"LSI","ILOM",0
"587","118077","06/06/2022 03:19:47 (MST)","Post",80,20,"LSI","JOBEX",0
"588","129134","05/28/2024 13:39:22 (MST)","Post",50,3.33,"LSI","ISA",0
"589","129482","11/08/2023 13:27:08 (MST)","Pre",100,NA,"Turn","CSS",0
"590","82317","02/07/2024 08:27:35 (MST)","Pre",66.67,NA,"Turn","WBLE",0
"591","129128","11/26/2023 21:26:32 (MST)","Pre",62.5,NA,"LSI","WBLE",0
"592","118890","05/22/2022 22:33:00 (MST)","Pre",66.67,NA,"LSI","ILOM",0
"593","110029","10/30/2023 13:50:08 (MST)","Pre",58.33,NA,"SPA","CSS",0
"594","101514","11/14/2021 23:36:00 (MST)","Pre",55.56,NA,"LSI","EMP",0
"595","118620","03/23/2022 03:53:14 (MST)","Pre",40,NA,"LSI","ISA",0
"596","126374","06/08/2023 19:01:11 (MST)","Pre",43.33,NA,"LSI","ISA",0
"597","124416","09/11/2023 10:54:50 (MST)","Pre",48.89,NA,"LSI","JOBEX",0
"598","96058","03/03/2023 12:26:09 (MST)","Pre",92.86,NA,"Turn","CPSO",0
"599","122759","02/03/2023 16:49:40 (MST)","Pre",66.67,NA,"LSI","CSS",0
"600","118809","05/23/2022 04:31:50 (MST)","Post",90.91,33.33,"LSI","FL",0
"601","113148","04/07/2023 14:12:24 (MST)","Post",83.33,73.33,"SUU","ISA",0
"602","122128","10/25/2022 04:29:29 (MST)","Pre",60.61,NA,"LSI","FL",0
"603","99244","10/02/2022 13:04:50 (MST)","Post",86.67,36.67,"USU","ISA",0
"604","126901","12/13/2023 14:06:22 (MST)","Post",74.07,22.22,"Turn","EMP",0
"605","121493","09/15/2022 07:02:16 (MST)","Pre",66.67,NA,"LSI","ISA",0
"606","119200","05/23/2022 04:43:28 (MST)","Post",57.14,0,"LSI","CPSO",0
"607","130256","04/12/2024 20:28:11 (MST)","Pre",59.26,NA,"LSI","EMP",0
"608","125270","05/15/2023 07:31:12 (MST)","Pre",80,NA,"CCC","ISA",0
"609","123966","05/02/2023 13:38:11 (MST)","Pre",56.67,NA,"Turn","ISA",0
"610","125282","04/18/2023 11:38:56 (MST)","Pre",70.37,NA,"LSI","EMP",0
"611","114503","11/23/2021 22:04:00 (MST)","Post",95.24,23.81,"LSI","ILOM",0
"612","129175","10/03/2023 09:45:47 (MST)","Pre",66.67,NA,"LSI","ISA",0
"613","114096","05/22/2022 22:57:00 (MST)","Pre",71.43,NA,"NSSD","ILOM",0
"614","113622","12/21/2021 00:43:00 (MST)","Pre",66.67,NA,"LSI","WBLE",0
"615","131209","05/14/2024 10:06:28 (MST)","Post",95.24,26.19,"LSI","CPSO",0
"616","127035","07/28/2023 14:27:49 (MST)","Pre",72.73,NA,"CCC","FL",0
"617","115798","02/01/2022 05:59:25 (MST)","Pre",60,NA,"LSI","ISA",0
"618","129184","03/07/2024 13:20:52 (MST)","Post",83.33,20,"LSI","ISA",0
"619","115787","05/09/2022 05:51:21 (MST)","Pre",55.56,NA,"USU","JOBEX",0
"620","129940","05/21/2024 14:06:37 (MST)","Post",93.94,-6.06,"CCC","FL",0
"621","121077","09/26/2022 08:48:00 (MST)","Pre",33.33,NA,"LSI","JS",0
"622","118062","03/21/2022 04:31:20 (MST)","Pre",66.67,NA,"LSI","FL",0
"623","116172","08/21/2023 08:40:46 (MST)","Post",47.22,20.83,"SPA","QWEX",0
"624","118850","09/08/2022 09:59:28 (MST)","Pre",43.33,NA,"SUU","ISA",0
"625","128820","03/19/2024 12:34:01 (MST)","Post",95.83,25,"Turn","CSS",1
"626","116487","09/21/2023 09:59:33 (MST)","Post",77.78,59.26,"NSSD","JS",0
"627","118892","07/13/2022 12:42:37 (MST)","Post",48.15,3.71,"LSI","JS",0
"628","108049","08/18/2023 08:45:39 (MST)","Post",57.14,19.04,"HKNC","ILOM",0
"629","115749","02/02/2022 07:00:53 (MST)","Post",66.67,29.63,"LSI","JS",0
"630","128859","10/04/2023 09:59:58 (MST)","Pre",90,NA,"NSSD","ISA",0
"631","119096","01/20/2023 11:37:06 (MST)","Pre",40.74,NA,"USU","JS",0
"632","116468","04/18/2022 02:35:03 (MST)","Pre",82.22,NA,"NSSD","JOBEX",0
"633","101995","02/17/2022 22:29:00 (MST)","Post",41.67,-8.33,"LSI","CSS",0
"634","121806","10/05/2022 04:50:59 (MST)","Pre",37.78,NA,"LSI","JOBEX",0
"635","122070","12/07/2022 12:31:00 (MST)","Pre",37.04,NA,"LSI","JS",0
"636","125144","04/03/2023 11:14:34 (MST)","Pre",57.78,NA,"LSI","JOBEX",0
"637","117783","07/12/2022 09:22:09 (MST)","Post",85.71,69.04,"LSI","CPSO",0
"638","119885","08/16/2022 10:58:22 (MST)","Pre",48.15,NA,"LSI","JS",0
"639","110875","05/16/2022 07:15:05 (MST)","Pre",63.33,NA,"LSI","ISA",0
"640","122608","11/30/2022 13:45:28 (MST)","Pre",80,NA,"LSI","ISA",0
"641","116489","04/18/2022 02:28:54 (MST)","Pre",64.44,NA,"NSSD","JOBEX",0
"642","120239","08/18/2022 04:40:09 (MST)","Post",73.33,40,"LSI","ISA",0
"643","116182","07/05/2022 22:15:00 (MST)","Pre",87.5,NA,"Turn","WBLE",0
"644","123604","02/03/2023 16:08:58 (MST)","Pre",59.52,NA,"LSI","CPSO",0
"645","83578","03/13/2024 12:42:43 (MST)","Post",3.7,-11.11,"CCC","JS",0
"646","118073","04/15/2022 02:48:42 (MST)","Pre",63.64,NA,"LSI","FL",0
"647","128929","03/20/2024 11:28:30 (MST)","Post",93.33,26.66,"LSI","JOBEX",0
"648","118809","03/28/2022 07:56:19 (MST)","Pre",66.67,NA,"LSI","ISA",0
"649","106781","03/16/2022 08:15:29 (MST)","Pre",51.85,NA,"SUU","JS",0
"650","113655","11/11/2021 03:50:39 (MST)","Pre",42.42,NA,"SUU","FL",0
"651","125792","05/12/2023 10:25:50 (MST)","Pre",51.11,NA,"LSI","JOBEX",0
"652","125277","12/22/2023 12:03:24 (MST)","Post",64.44,8.88,"LSI","JOBEX",0
"653","118127","05/02/2023 11:11:55 (MST)","Pre",66.67,NA,"LSI","ILOM",0
"654","129189","05/31/2024 09:29:45 (MST)","Post",63.64,9.09,"LSI","FL",0
"655","105450","04/20/2023 12:44:52 (MST)","Pre",90,NA,"Turn","ISA",0
"656","124887","05/23/2024 12:27:37 (MST)","Post",33.33,16.66,"LSI","CSS",0
"657","101121","05/19/2022 02:17:52 (MST)","Post",55.56,-31.11,"NSSD","JOBEX",0
"658","124882","05/01/2023 12:19:14 (MST)","Pre",48.15,NA,"LSI","JS",0
"659","121960","01/24/2023 11:45:06 (MST)","Pre",33.33,NA,"LSI","JS",0
"660","128979","11/03/2023 13:08:11 (MST)","Pre",44.44,NA,"SPA","EMP",0
"661","119673","08/10/2022 17:24:00 (MST)","Pre",7.41,NA,"LSI","EMP",0
"662","120985","10/14/2022 08:09:46 (MST)","Pre",69.05,NA,"Turn","CPSO",0
"663","121123","09/20/2022 23:22:00 (MST)","Pre",50,NA,"LSI","CSS",0
"664","101163","06/29/2023 19:30:41 (MST)","Pre",69.7,NA,"LSI","FL",0
"665","119193","09/08/2022 05:45:03 (MST)","Pre",66.67,NA,"SUU","ISA",0
"666","133299","04/08/2024 11:31:19 (MST)","Pre",46.67,NA,"LSI","JOBEX",0
"667","116180","02/04/2022 08:14:22 (MST)","Pre",56.67,NA,"SPA","ISA",0
"668","132209","04/28/2024 16:51:22 (MST)","Pre",79.17,NA,"LSI","WBLE",0
"669","118777","05/03/2022 04:41:51 (MST)","Pre",63.64,NA,"LSI","FL",0
"670","122081","01/23/2023 12:16:58 (MST)","Pre",62.96,NA,"LSI","EMP",0
"671","120508","07/21/2022 04:06:52 (MST)","Pre",37.04,NA,"LSI","JS",0
"672","111414","11/28/2022 06:21:42 (MST)","Post",66.67,14.82,"LSI","JS",0
"673","115906","05/24/2022 02:52:00 (MST)","Post",91.67,-4.16,"LSI","WBLE",0
"674","119219","07/07/2022 03:08:43 (MST)","Post",72.22,14.29,"LSI","QWEX",0
"675","120000","12/19/2022 14:06:00 (MST)","Post",57.14,16.66,"LSI","CPSO",0
"676","116181","04/26/2022 01:37:00 (MST)","Pre",88.89,NA,"SPA","EMP",0
"677","132903","05/01/2024 19:16:50 (MST)","Pre",75.76,NA,"LSI","FL",0
"678","121257","04/06/2023 12:22:33 (MST)","Post",96.67,56.67,"SUU","ISA",0
"679","115546","11/22/2021 06:14:03 (MST)","Pre",66.67,NA,"LSI","JOBEX",0
"680","121498","05/24/2023 10:51:05 (MST)","Post",70.37,29.63,"LSI","EMP",0
"681","116470","04/06/2022 02:40:47 (MST)","Post",60,-16.67,"LSI","ISA",0
"682","104139","08/29/2022 00:21:00 (MST)","Post",79.17,-8.33,"Turn","CSS",0
"683","130174","05/09/2024 10:55:16 (MST)","Post",73.33,0,"LSI","JOBEX",0
"684","129935","11/07/2023 08:52:20 (MST)","Pre",45.83,NA,"SPA","WBLE",0
"685","116487","02/10/2022 00:28:00 (MST)","Post",85.71,19.04,"NSSD","ILOM",1
"686","127710","02/20/2024 16:52:41 (MST)","Pre",87.5,NA,"Turn","WBLE",0
"687","109815","05/29/2024 14:07:33 (MST)","Pre",66.67,NA,"SPA","ISA",0
"688","129182","03/07/2024 13:53:38 (MST)","Post",81.48,7.41,"LSI","JS",0
"689","133054","05/31/2024 09:36:51 (MST)","Post",51.85,11.11,"LSI","JS",0
"690","125276","05/09/2023 08:49:45 (MST)","Pre",53.33,NA,"LSI","ISA",0
"691","119200","05/23/2022 04:39:32 (MST)","Post",53.33,6.66,"LSI","ISA",0
"692","122282","02/05/2023 20:40:02 (MST)","Pre",64.44,NA,"LSI","JOBEX",0
"693","124537","05/26/2023 09:44:58 (MST)","Pre",76.19,NA,"LSI","ILOM",0
"694","121499","05/30/2023 12:37:54 (MST)","Post",53.33,0,"LSI","ISA",0
"695","83738","08/23/2023 11:14:18 (MST)","Pre",66.67,NA,"HKNC","WBLE",0
"696","123656","08/14/2023 11:11:14 (MST)","Post",70.37,7.41,"LSI","EMP",0
"697","116400","04/18/2022 03:17:41 (MST)","Pre",43.33,NA,"NSSD","ISA",0
"698","121129","03/17/2023 10:15:10 (MST)","Post",60,16.67,"Turn","ISA",0
"699","95064","11/12/2021 07:40:25 (MST)","Pre",85.71,NA,"SUU","CPSO",0
"700","107511","05/13/2022 08:12:40 (MST)","Pre",51.85,NA,"LSI","JS",0
"701","114318","02/21/2022 04:05:38 (MST)","Post",64.44,15.55,"LSI","JOBEX",0
"702","119848","09/20/2023 13:36:32 (MST)","Post",91.11,48.89,"SUU","JOBEX",0
"703","91276","10/26/2023 08:53:03 (MST)","Pre",59.52,NA,"Turn","CPSO",0
"704","116479","02/14/2022 04:09:15 (MST)","Pre",81.82,NA,"NSSD","FL",0
"705","116180","02/04/2022 01:12:00 (MST)","Pre",66.67,NA,"SPA","WBLE",0
"706","116487","05/23/2022 05:26:26 (MST)","Post",75.56,40,"NSSD","JOBEX",1
"707","125283","11/16/2023 21:35:02 (MST)","Post",82.22,22.22,"LSI","JOBEX",0
"708","129132","09/29/2023 14:48:10 (MST)","Pre",53.33,NA,"LSI","ISA",0
"709","122116","01/18/2023 11:20:28 (MST)","Pre",75,NA,"LSI","CSS",0
"710","123185","03/13/2023 16:30:41 (MST)","Post",87.88,27.27,"LSI","FL",0
"711","115736","01/07/2022 07:06:02 (MST)","Pre",45.24,NA,"LSI","CPSO",0
"712","132902","05/23/2024 14:52:59 (MST)","Post",100,8.33,"LSI","CSS",0
"713","118491","07/05/2022 02:12:01 (MST)","Post",80.56,14.29,"LSI","QWEX",0
"714","105450","12/11/2022 23:01:00 (MST)","Pre",100,NA,"Turn","WBLE",0
"715","116182","07/06/2022 04:17:56 (MST)","Pre",42.86,NA,"Turn","CPSO",0
"716","107998","09/07/2022 09:55:44 (MST)","Pre",22.22,NA,"LSI","JOBEX",0
"717","119502","11/03/2023 13:43:12 (MST)","Pre",56.67,NA,"SPA","ISA",0
"718","133631","04/30/2024 15:48:30 (MST)","Pre",44.44,NA,"LSI","JOBEX",0
"719","122488","05/10/2023 15:09:06 (MST)","Pre",83.33,NA,"Turn","CPSO",0
"720","116361","02/22/2022 21:50:00 (MST)","Pre",79.17,NA,"CCC","CSS",0
"721","133558","04/22/2024 09:13:48 (MST)","Pre",48.89,NA,"COP","JOBEX",0
"722","120178","09/13/2022 04:35:59 (MST)","Post",63.64,45.46,"LSI","FL",0
"723","116476","03/09/2022 07:37:01 (MST)","Post",56.67,3.34,"LSI","ISA",0
"724","128923","09/24/2023 18:59:42 (MST)","Pre",56.67,NA,"LSI","ISA",0
"725","123380","07/12/2023 14:35:29 (MST)","Pre",70.83,NA,"Turn","WBLE",0
"726","116650","01/21/2022 03:36:55 (MST)","Pre",53.33,NA,"LSI","JOBEX",0
"727","125283","11/16/2023 21:32:38 (MST)","Post",80,13.33,"LSI","ISA",0
"728","108357","05/20/2022 07:12:13 (MST)","Post",51.85,-11.11,"NSSD","JS",0
"729","116591","03/28/2023 09:58:36 (MST)","Post",88.1,30.96,"SUU","CPSO",0
"730","128410","09/28/2023 13:08:33 (MST)","Pre",80.95,NA,"LSI","ILOM",0
"731","119368","07/13/2022 21:47:00 (MST)","Post",81.48,3.7,"LSI","EMP",0
"732","129641","05/16/2024 16:24:33 (MST)","Post",70.83,20.83,"LSI","WBLE",0
"733","121863","02/14/2023 16:17:49 (MST)","Pre",100,NA,"LSI","WBLE",0
"734","116400","04/17/2022 23:09:00 (MST)","Pre",50,NA,"NSSD","CSS",0
"735","118775","04/06/2022 03:52:11 (MST)","Pre",62.96,NA,"LSI","JS",0
"736","121963","01/04/2023 19:39:04 (MST)","Pre",88.89,NA,"LSI","JS",0
"737","124760","02/04/2024 00:41:20 (MST)","Post",92.59,22.22,"LSI","JS",0
"738","120292","09/13/2022 07:09:11 (MST)","Post",75.76,36.37,"LSI","FL",0
"739","132956","05/15/2024 15:12:39 (MST)","Pre",78.57,NA,"Turn","ILOM",0
"740","129126","05/30/2024 11:56:36 (MST)","Post",63.33,43.33,"LSI","ISA",0
"741","101201","07/31/2022 21:31:00 (MST)","Post",95.83,41.66,"RTI","CSS",0
"742","132079","03/04/2024 12:35:51 (MST)","Pre",57.78,NA,"LSI","JOBEX",0
"743","114177","05/11/2022 12:25:44 (MST)","Post",77.78,-11.11,"LSI","JS",0
"744","128210","08/28/2023 11:11:33 (MST)","Pre",45.83,NA,"SPA","CSS",0
"745","118070","05/11/2022 00:41:00 (MST)","Post",95.24,4.76,"LSI","ILOM",0
"746","113622","02/27/2022 19:30:00 (MST)","Post",79.17,12.5,"LSI","WBLE",0
"747","122696","11/28/2022 09:04:00 (MST)","Pre",76.67,NA,"LSI","ISA",0
"748","123021","12/08/2022 08:00:00 (MST)","Pre",70,NA,"LSI","ISA",0
"749","121498","03/07/2023 17:37:23 (MST)","Pre",51.52,NA,"LSI","FL",0
"750","99112","11/17/2021 04:42:02 (MST)","Pre",66.67,NA,"SUU","CPSO",0
"751","128259","09/01/2023 10:40:42 (MST)","Pre",39.39,NA,"LSI","FL",0
"752","122371","05/22/2024 11:36:04 (MST)","Post",40.74,40.74,"SPA","JS",0
"753","110708","02/01/2023 12:35:42 (MST)","Pre",76.19,NA,"SPA","ILOM",0
"754","129184","10/03/2023 09:08:45 (MST)","Pre",82.22,NA,"LSI","JOBEX",0
"755","129175","11/06/2023 10:55:46 (MST)","Pre",75,NA,"LSI","WBLE",0
"756","116487","06/12/2023 11:45:26 (MST)","Post",55.56,3.71,"NSSD","EMP",1
"757","123783","07/28/2023 12:45:16 (MST)","Post",80.56,66.66,"LSI","QWEX",0
"758","122603","05/30/2023 11:47:43 (MST)","Post",55.56,14.82,"LSI","JS",0
"759","121607","01/04/2023 12:54:06 (MST)","Pre",54.17,NA,"LSI","CSS",0
"760","121827","09/27/2022 09:48:50 (MST)","Pre",80,NA,"LSI","ISA",0
"761","124782","10/07/2023 09:57:35 (MST)","Post",93.94,27.27,"LSI","FL",0
"762","91276","10/26/2023 08:49:36 (MST)","Pre",40,NA,"Turn","ISA",0
"763","123917","01/18/2024 16:15:44 (MST)","Post",82.22,42.22,"LSI","JOBEX",0
"764","121393","09/29/2023 11:08:31 (MST)","Post",62.22,6.66,"SUU","JOBEX",0
"765","134227","05/17/2024 11:18:06 (MST)","Pre",18.52,NA,"LSI","JS",0
"766","118545","06/29/2022 22:48:00 (MST)","Pre",70.83,NA,"LSI","CSS",0
"767","122110","02/13/2023 10:27:40 (MST)","Post",75,8.33,"LSI","CSS",0
"768","124521","09/04/2023 18:47:42 (MST)","Pre",33.33,NA,"LSI","EMP",0
"769","118067","03/02/2022 07:51:28 (MST)","Pre",51.52,NA,"LSI","FL",0
"770","120985","10/14/2022 08:05:19 (MST)","Pre",63.64,NA,"Turn","FL",0
"771","113935","04/07/2022 03:28:45 (MST)","Pre",70.37,NA,"LSI","JS",0
"772","114326","12/09/2021 22:13:00 (MST)","Pre",62.5,NA,"LSI","WBLE",0
"773","113679","04/29/2022 02:18:01 (MST)","Pre",54.55,NA,"LSI","FL",0
"774","120420","07/07/2023 07:52:10 (MST)","Pre",30.3,NA,"LSI","FL",0
"775","129446","12/13/2023 11:09:45 (MST)","Pre",66.67,NA,"LSI","FL",0
"776","128929","09/22/2023 15:26:35 (MST)","Pre",86.67,NA,"LSI","ISA",0
"777","117824","03/22/2022 23:19:00 (MST)","Pre",37.5,NA,"LSI","CSS",0
"778","122605","11/30/2022 13:15:36 (MST)","Pre",60,NA,"LSI","ISA",0
"779","128914","11/01/2023 19:19:50 (MST)","Pre",70,NA,"LSI","ISA",0
"780","131171","02/15/2024 14:34:13 (MST)","Pre",22.22,NA,"LSI","JS",0
"781","121956","10/27/2022 09:58:02 (MST)","Post",60,-8.89,"LSI","JOBEX",0
"782","121691","10/21/2022 06:56:16 (MST)","Pre",55.56,NA,"LSI","JS",0
"783","116307","02/21/2022 04:02:07 (MST)","Pre",55.56,NA,"LSI","JOBEX",0
"784","98481","02/20/2023 13:34:54 (MST)","Pre",66.67,NA,"Turn","EMP",0
"785","132896","03/27/2024 15:15:32 (MST)","Pre",62.5,NA,"LSI","CSS",0
"786","127941","05/13/2024 18:33:48 (MST)","Post",95.56,37.78,"LSI","JOBEX",0
"787","128980","11/03/2023 14:33:23 (MST)","Pre",87.5,NA,"SPA","CSS",0
"788","101515","09/30/2022 08:22:10 (MST)","Pre",69.7,NA,"LSI","FL",0
"789","129126","01/05/2024 11:36:26 (MST)","Pre",20,NA,"LSI","ISA",0
"790","119853","09/09/2022 07:07:39 (MST)","Pre",40,NA,"USU","ISA",0
"791","125990","05/23/2023 07:37:29 (MST)","Pre",60,NA,"LSI","JOBEX",0
"792","131325","01/18/2024 16:44:21 (MST)","Pre",80,NA,"LSI","ISA",0
"793","133970","05/07/2024 10:23:22 (MST)","Pre",81.48,NA,"LSI","EMP",0
"794","112732","03/06/2023 14:13:27 (MST)","Post",100,0,"LSI","ILOM",0
"795","123656","04/18/2023 11:27:53 (MST)","Pre",62.96,NA,"LSI","EMP",0
"796","114006","12/22/2021 03:46:28 (MST)","Pre",52.38,NA,"LSI","CPSO",0
"797","121867","01/23/2023 06:05:15 (MST)","Post",79.17,-4.16,"LSI","WBLE",0
"798","105450","04/20/2023 12:40:45 (MST)","Post",95.24,14.29,"Turn","ILOM",0
"799","115804","02/21/2022 03:54:54 (MST)","Pre",24.44,NA,"LSI","JOBEX",0
"800","128650","09/18/2023 13:09:48 (MST)","Pre",33.33,NA,"NSSD","EMP",0
